index,correct,time_taken,cost,test_case,test_case_output,test_case_input_data,test_case_correct_function,generated_code,generated_code_output,agent_error,agent_reasoning
0,1,17.05924391746521,0.6911695999999999,"How can I convert this one-hot encoded dataframe: df = pd.DataFrame({""col1_a"": [1, 0, 1], ""col1_b"": [0, 1, 0], ""col2_a"": [0, 1, 0], ""col2_b"": [1, 0, 0], ""col2_c"": [0, 0, 1]}) into a categorical dataframe?","  col1 col2
0    a    b
1    b    a
2    a    c","data = pd.DataFrame({""col1_a"": [1, 0, 1], ""col1_b"": [0, 1, 0], ""col2_a"": [0, 1, 0], ""col2_b"": [1, 0, 0], ""col2_c"": [0, 0, 1]})","import pandas as pd
def correct_function(data):
    result = pd.from_dummies(data, sep=""_"")
    return result","def response_function(df):
    import pandas as pd
    return pd.from_dummies(df, sep='_')","  col1 col2
0    a    b
1    b    a
2    a    c",None,"[{'User prompt': 'How can I convert this one-hot encoded dataframe: df = pd.DataFrame({""col1_a"": [1, 0, 1], ""col1_b"": [0, 1, 0], ""col2_a"": [0, 1, 0], ""col2_b"": [1, 0, 0], ""col2_c"": [0, 0, 1]}) into a categorical dataframe?'}, {'Thought': 'The user wants to convert a one-hot encoded dataframe into a categorical dataframe. The pandas function from_dummies() can be used for this purpose. This function creates a categorical DataFrame from a DataFrame of dummy variables. The separator used in the column names of the dummy categories is specified by the sep parameter. In this case, the separator is an underscore (_).'}, {'Tool': ""def response_function(df):\n    import pandas as pd\n    return pd.from_dummies(df, sep='_')""}, {'Thought': 'I now know the final answer'}, {'Answer': ""def response_function(df):\n    import pandas as pd\n    return pd.from_dummies(df, sep='_')""}]"
1,1,18.016019821166992,0.7657495999999999,"This is my Dataframe:({'Name': ['Alice', 'Bob', 'Aritra'], 'Age': [25, 30, 35], 'Location': ['Seattle', 'New York', 'Kona']},index=([10, 20, 30])) Please take this dataframe as your argument and display the dataframe while making sure to change the index to 100, 200 and 300.","       Name  Age  Location
100   Alice   25   Seattle
200     Bob   30  New York
300  Aritra   35      Kona","data = pd.DataFrame({'Name': ['Alice', 'Bob', 'Aritra'], 'Age': [25, 30, 35], 'Location': ['Seattle', 'New York', 'Kona']},index=([10, 20, 30]))","import pandas as pd
def correct_function(data):
    data.index = [100, 200, 300]
    return data","def response_function(data):
    import pandas as pd
    df = pd.DataFrame(data)
    df.index = [100, 200, 300]
    return df","       Name  Age  Location
100   Alice   25   Seattle
200     Bob   30  New York
300  Aritra   35      Kona",None,"[{'User prompt': ""This is my Dataframe:({'Name': ['Alice', 'Bob', 'Aritra'], 'Age': [25, 30, 35], 'Location': ['Seattle', 'New York', 'Kona']},index=([10, 20, 30])) Please take this dataframe as your argument and display the dataframe while making sure to change the index to 100, 200 and 300.""}, {'Thought': ""The user wants to change the index of the dataframe to 100, 200, and 300. This can be achieved by assigning a new list of index values to the dataframe's index attribute.""}, {'Tool': 'def response_function(data):\n    import pandas as pd\n    df = pd.DataFrame(data)\n    df.index = [100, 200, 300]\n    return df'}, {'Thought': 'I now know the final answer'}, {'Answer': 'def response_function(data):\n    import pandas as pd\n    df = pd.DataFrame(data)\n    df.index = [100, 200, 300]\n    return df'}]"
2,1,16.676438093185425,0.7372400999999998,"({'animal': ['alligator', 'bee', 'falcon', 'lion','monkey', 'parrot', 'shark', 'whale', 'zebra']}) This is my dataframe, your argument. Please display all but the last 3 rows of the dataframe.","      animal
0  alligator
1        bee
2     falcon
3       lion
4     monkey
5     parrot","data = pd.DataFrame({'animal': ['alligator', 'bee', 'falcon', 'lion','monkey', 'parrot', 'shark', 'whale', 'zebra']})","import pandas as pd
def correct_function(data):
    result = data.iloc[:-3, :]
    return result","def response_function(data):
    import pandas as pd
    df = pd.DataFrame(data)
    return df.iloc[:-3]","      animal
0  alligator
1        bee
2     falcon
3       lion
4     monkey
5     parrot",None,"[{'User prompt': ""({'animal': ['alligator', 'bee', 'falcon', 'lion','monkey', 'parrot', 'shark', 'whale', 'zebra']}) This is my dataframe, your argument. Please display all but the last 3 rows of the dataframe.""}, {'Thought': 'The user wants to display all but the last 3 rows of the dataframe. This can be achieved using the iloc function in pandas, which is used for integer-location based indexing. We can use a negative index to exclude the last 3 rows.'}, {'Tool': 'def response_function(data):\n    import pandas as pd\n    df = pd.DataFrame(data)\n    return df.iloc[:-3]'}, {'Thought': 'I now know the final answer'}, {'Answer': 'def response_function(data):\n    import pandas as pd\n    df = pd.DataFrame(data)\n    return df.iloc[:-3]'}]"
3,1,17.725608110427856,1.0841529,ts = pd.Timestamp('2017-01-01 09:10:11') This is your argument. Please add 2 Months to that timestamp.,2017-03-01 09:10:11,data = pd.Timestamp('2017-01-01 09:10:11'),"import pandas as pd
def correct_function(data):
    result = data + pd.DateOffset(months=2)
    return result","def response_function(ts):
    import pandas as pd
    new_ts = ts + pd.DateOffset(months=2)
    return new_ts",2017-03-01 09:10:11,None,"[{'User prompt': ""ts = pd.Timestamp('2017-01-01 09:10:11') This is your argument. Please add 2 Months to that timestamp.""}, {'Thought': 'The user wants to add 2 months to a given timestamp. This can be achieved using the pandas DateOffset function, which allows for operations with dates.'}, {'Tool': 'def response_function(ts):\n    import pandas as pd\n    new_ts = ts + pd.DateOffset(months=2)\n    return new_ts'}, {'Thought': 'I now know the final answer'}, {'Answer': 'def response_function(ts):\n    import pandas as pd\n    new_ts = ts + pd.DateOffset(months=2)\n    return new_ts'}]"
4,1,18.41277003288269,1.1530377,"ser = pd.Series([1, 2, 3, 4], index=['a', 'b', 'c', 'd']). Please calculate the expending sum of that series (which is your argument). Make sure to display each row.","a     1.0
b     3.0
c     6.0
d    10.0
dtype: float64","data = pd.Series([1, 2, 3, 4], index=['a', 'b', 'c', 'd'])","import pandas as pd
def correct_function(data):
    result = data.expanding().sum()
    return result","def response_function(ser):
    import pandas as pd
    return ser.expanding().sum()","a     1.0
b     3.0
c     6.0
d    10.0
dtype: float64",None,"[{'User prompt': ""ser = pd.Series([1, 2, 3, 4], index=['a', 'b', 'c', 'd']). Please calculate the expending sum of that series (which is your argument). Make sure to display each row.""}, {'Thought': 'The user wants to calculate the expanding sum of a pandas Series. The expanding sum is the cumulative sum of the Series where the sum at each position includes all previous numbers. We can use the expanding() function in pandas to achieve this. This function returns an Expanding object that has several functions like sum(), mean(), etc. to calculate expanding calculations.'}, {'Tool': 'def response_function(ser):\n    import pandas as pd\n    return ser.expanding().sum()'}, {'Thought': 'I now know the final answer'}, {'Answer': 'def response_function(ser):\n    import pandas as pd\n    return ser.expanding().sum()'}]"
5,0,16.788217067718506,1.1291147999999998,"data1 = [[1, 8, 2], [1, 2, 5], [2, 5, 8], [2, 6, 9]], data2 = pd.DataFrame(data, columns=[""a"", ""b"", ""c""] , index=[""tiger"", ""leopard"", ""cheetah"", ""lion""]) Given Data is my Data and df is my Dataframe. Both are part of your argument. Please group that dataframe by ""a"" and compute the product aswell.","    b   c
a        
1  16  10
2  30  72","data_1 = [[1, 8, 2], [1, 2, 5], [2, 5, 8], [2, 6, 9]]
data_2 = pd.DataFrame(data_1, columns=[""a"", ""b"", ""c""] , index=[""tiger"", ""leopard"", ""cheetah"", ""lion""])","import pandas as pd
def correct_function(data_1, data_2):
    result = data_2.groupby('a').prod()
    return result","def response_function(df):
    import pandas as pd
    return df.groupby('a').prod()",,response_function() takes 1 positional argument but 2 were given,"[{'User prompt': 'data1 = [[1, 8, 2], [1, 2, 5], [2, 5, 8], [2, 6, 9]], data2 = pd.DataFrame(data, columns=[""a"", ""b"", ""c""] , index=[""tiger"", ""leopard"", ""cheetah"", ""lion""]) Given Data is my Data and df is my Dataframe. Both are part of your argument. Please group that dataframe by ""a"" and compute the product aswell.'}, {'Thought': ""The user wants to group the dataframe by column 'a' and compute the product of the grouped data. This can be achieved using the groupby() function in pandas, followed by the prod() function to compute the product.""}, {'Tool': ""def response_function(df):\n    import pandas as pd\n    return df.groupby('a').prod()""}, {'Thought': 'I now know the final answer'}, {'Answer': ""def response_function(df):\n    import pandas as pd\n    return df.groupby('a').prod()""}]"
6,0,22.63233208656311,0.5944480999999999,"a = pd.Series([1, 1, 1, None], index=['a', 'b', 'c', 'd']) b = pd.Series([1, None, 1, None], index=['a', 'b', 'd', 'e'])  Please take a and b as your arguments and divide a by b. Please also use the fill value 0.","a    1.0
b    inf
c    inf
d    0.0
e    NaN
dtype: float64","data_1 = pd.Series([1, 1, 1, None], index=['a', 'b', 'c', 'd'])
data_2 = pd.Series([1, None, 1, None], index=['a', 'b', 'd', 'e'])","import pandas as pd
import numpy as np
def correct_function(*args):
    data_1, data_2 = args
    result = data_1.div(data_2, fill_value=0)
    return result","def response_function(a, b):
    import pandas as pd
    a_filled = a.fillna(0)
    b_filled = b.fillna(0)
    return a_filled / b_filled","a    1.0
b    inf
c    NaN
d    0.0
e    NaN
dtype: float64",None,"[{'User prompt': ""a = pd.Series([1, 1, 1, None], index=['a', 'b', 'c', 'd']) b = pd.Series([1, None, 1, None], index=['a', 'b', 'd', 'e'])  Please take a and b as your arguments and divide a by b. Please also use the fill value 0.""}, {'Thought': 'The user wants to divide two pandas Series, filling any missing values with 0 before the division. This can be achieved by using the fillna() function to replace the NaN values with 0 in both Series, and then performing the division. The fillna() function is used to fill NA/NaN values using the specified method.'}, {'Tool': 'def response_function(a, b):\n    import pandas as pd\n    a_filled = a.fillna(0)\n    b_filled = b.fillna(0)\n    return a_filled / b_filled'}, {'Thought': 'I now know the final answer'}, {'Answer': 'def response_function(a, b):\n    import pandas as pd\n    a_filled = a.fillna(0)\n    b_filled = b.fillna(0)\n    return a_filled / b_filled'}]"
7,0,17.303696870803833,0.6039941000000001,"data = {('level_1', 'c', 'a'): [3, 7, 11],('level_1', 'd', 'b'): [4, 8, 12],('level_2', 'e', 'a'): [5, 9, None],('level_2', 'f', 'b'): [6, 10, None],}Please drop column a and make sure to take data as your argument.","  level_1     level_2      
        c   d       e     f
0       3   4     5.0   6.0
1       7   8     9.0  10.0
2      11  12     NaN   NaN","data = pd.DataFrame({('level_1', 'c', 'a'): [3, 7, 11],('level_1', 'd', 'b'): [4, 8, 12],('level_2', 'e', 'a'): [5, 9, None],('level_2', 'f', 'b'): [6, 10, None],})","import pandas as pd
def correct_function(data):
    result = data.droplevel(2, axis=1)
    return result","def response_function(data):
    import pandas as pd
    df = pd.DataFrame(data)
    df.columns = pd.MultiIndex.from_tuples(df.columns)
    df = df.drop('a', level=2, axis=1)
    return df","  level_1 level_2
        d       f
        b       b
0       4     6.0
1       8    10.0
2      12     NaN",None,"[{'User prompt': ""data = {('level_1', 'c', 'a'): [3, 7, 11],('level_1', 'd', 'b'): [4, 8, 12],('level_2', 'e', 'a'): [5, 9, None],('level_2', 'f', 'b'): [6, 10, None],}Please drop column a and make sure to take data as your argument.""}, {'Thought': ""The user wants to drop a column from a pandas DataFrame. The DataFrame is created from a dictionary where the keys are tuples representing multi-level column names. The column to be dropped is 'a'. The pandas function 'drop' can be used to drop a column. Since the DataFrame has multi-level columns, the level of the column to be dropped should be specified. In this case, the level is 2 (0-based index).""}, {'Tool': ""def response_function(data):\n    import pandas as pd\n    df = pd.DataFrame(data)\n    df.columns = pd.MultiIndex.from_tuples(df.columns)\n    df = df.drop('a', level=2, axis=1)\n    return df""}, {'Thought': 'I now know the final answer'}, {'Answer': ""def response_function(data):\n    import pandas as pd\n    df = pd.DataFrame(data)\n    df.columns = pd.MultiIndex.from_tuples(df.columns)\n    df = df.drop('a', level=2, axis=1)\n    return df""}]"
8,0,19.467795848846436,0.992357,"Please take following Series, which serves as your agrument, and order it ascending while making sure NAN values are at the beginning s = pd.Series([None, 1, 3, 10, 5, None]) ","0    0     NaN
1     1.0
2     3.0
3    10.0
4     ...
dtype: object","data = pd.Series([None, 1, 3, 10, 5, None])","import pandas as pd
def correct_function(*args):
    data = pd.Series(args)
    result = data.sort_values(na_position='first')
    return result","def response_function(s):
    import pandas as pd
    return s.sort_values(ascending=True, na_position='first')","0     NaN
5     NaN
1     1.0
2     3.0
4     5.0
3    10.0
dtype: float64",None,"[{'User prompt': 'Please take following Series, which serves as your agrument, and order it ascending while making sure NAN values are at the beginning s = pd.Series([None, 1, 3, 10, 5, None]) '}, {'Thought': ""The user wants to sort a pandas Series in ascending order while placing NaN values at the beginning. This can be achieved using the sort_values() function of the pandas Series. The function takes two arguments in this case: 'ascending' which should be set to True for sorting in ascending order, and 'na_position' which should be set to 'first' to place NaN values at the beginning.""}, {'Tool': ""def response_function(s):\n    import pandas as pd\n    return s.sort_values(ascending=True, na_position='first')""}, {'Thought': 'I now know the final answer'}, {'Answer': ""def response_function(s):\n    import pandas as pd\n    return s.sort_values(ascending=True, na_position='first')""}]"
9,1,22.63778591156006,0.8370401999999999,"data1 = {'Name': ['Alice', 'Bob', 'Charlie'],'Age': [25, 30, 22],'City': ['New York', 'San Francisco', 'Los Angeles']} data2= {'Name': ['Alice', 'John', 'Charlie'],'Age': [25, 31, 22],'City': ['New York', 'San Francisco', 'Los Angeles']}Please calculate the average age of the people who appear in both dataframes. Make sure to take data1 and data2 as your arguments.",23.5,"data_1 = {'Name': ['Alice', 'Bob', 'Charlie'],'Age': [25, 30, 22],'City': ['New York', 'San Francisco', 'Los Angeles']}
data_2 = {'Name': ['Alice', 'John', 'Charlie'],'Age': [25, 31, 22],'City': ['New York', 'San Francisco', 'Los Angeles']}","import pandas as pd
def correct_function(data_1, data_2):
    df_1 = pd.DataFrame(data_1)
    df_2 = pd.DataFrame(data_2)
    merged_df = pd.merge(df_1, df_2, on='Name')
    result = merged_df['Age_x'].mean()
    return result","def response_function(data1, data2):
    import pandas as pd
    df1 = pd.DataFrame(data1)
    df2 = pd.DataFrame(data2)
    merged_df = pd.merge(df1, df2, on='Name')
    average_age = merged_df[['Age_x', 'Age_y']].mean(axis=1).mean()
    return average_age",23.5,None,"[{'User prompt': ""data1 = {'Name': ['Alice', 'Bob', 'Charlie'],'Age': [25, 30, 22],'City': ['New York', 'San Francisco', 'Los Angeles']} data2= {'Name': ['Alice', 'John', 'Charlie'],'Age': [25, 31, 22],'City': ['New York', 'San Francisco', 'Los Angeles']}Please calculate the average age of the people who appear in both dataframes. Make sure to take data1 and data2 as your arguments.""}, {'Thought': ""The user wants to calculate the average age of the people who appear in both dataframes. To do this, I will first convert the dictionaries into pandas dataframes. Then, I will merge the two dataframes on the 'Name' column to get the data of the people who appear in both dataframes. After that, I will calculate the average age of these people by taking the mean of the 'Age' columns from both dataframes.""}, {'Tool': ""def response_function(data1, data2):\n    import pandas as pd\n    df1 = pd.DataFrame(data1)\n    df2 = pd.DataFrame(data2)\n    merged_df = pd.merge(df1, df2, on='Name')\n    average_age = merged_df[['Age_x', 'Age_y']].mean(axis=1).mean()\n    return average_age""}, {'Thought': 'I now know the final answer'}, {'Answer': ""def response_function(data1, data2):\n    import pandas as pd\n    df1 = pd.DataFrame(data1)\n    df2 = pd.DataFrame(data2)\n    merged_df = pd.merge(df1, df2, on='Name')\n    average_age = merged_df[['Age_x', 'Age_y']].mean(axis=1).mean()\n    return average_age""}]"
10,0,264.5554029941559,15.027414199999999,"data = { 'Timestamp': [ '2023-01-01 12:01:00', '2023-01-01 12:10:00', '2023-01-01 12:25:00', '2023-01-01 13:05:00', '2023-01-01 13:25:00', '2023-01-01 14:00:00', '2023-01-02 08:30:00', '2023-01-02 09:00:00', '2023-01-02 09:35:00' ], 'User': [1, 1, 1, 2, 2, 2, 3, 3, 3], 'Page': ['Home', 'Product', 'Checkout', 'Home', 'Product', 'Home', 'Home', 'Product', 'Checkout'] } Using the pandas DataFrame, wich is your argument, implement the following operation: Create a new column called 'Session_ID' that labels each row with a unique session identifier. Define a session as a series of consecutive interactions by the same user with no gap greater than 30 minutes between interactions. Ensure that each session has a unique identifier. Make sure to give me the full code.","            Timestamp  User      Page  Session_ID
0 2023-01-01 12:01:00     1      Home           0
1 2023-01-01 12:10:00     1   Product           0
2 2023-01-01 12:25:00     1  Checkout           0
3 2023-01-01 13:05:00     2      Home           0
4 2023-01-01 13:25:00     2   Product           0
5 2023-01-01 14:00:00     2      Home           1
6 2023-01-02 08:30:00     3      Home           1
7 2023-01-02 09:00:00     3   Product           1
8 2023-01-02 09:35:00     3  Checkout           2","data = pd.DataFrame({'Timestamp': ['2023-01-01 12:01:00', '2023-01-01 12:10:00', '2023-01-01 12:25:00', '2023-01-01 13:05:00','2023-01-01 13:25:00', '2023-01-01 14:00:00', '2023-01-02 08:30:00', '2023-01-02 09:00:00','2023-01-02 09:35:00'],'User': [1, 1, 1, 2, 2, 2, 3, 3, 3],'Page': ['Home', 'Product', 'Checkout', 'Home', 'Product', 'Home', 'Home', 'Product', 'Checkout']})","import pandas as pd
def correct_function(data):
    data['Timestamp'] = pd.to_datetime(data['Timestamp'])
    data = data.sort_values(by=['User', 'Timestamp'])
    data['TimeDiff'] = data.groupby('User')['Timestamp'].diff()
    data['Session_ID'] = (data['TimeDiff'] > pd.Timedelta(minutes=30)).cumsum()
    data = data.drop('TimeDiff', axis=1)
    return data","def response_function():
    return",,response_function() takes 0 positional arguments but 1 was given,"[{'User prompt': ""data = { 'Timestamp': [ '2023-01-01 12:01:00', '2023-01-01 12:10:00', '2023-01-01 12:25:00', '2023-01-01 13:05:00', '2023-01-01 13:25:00', '2023-01-01 14:00:00', '2023-01-02 08:30:00', '2023-01-02 09:00:00', '2023-01-02 09:35:00' ], 'User': [1, 1, 1, 2, 2, 2, 3, 3, 3], 'Page': ['Home', 'Product', 'Checkout', 'Home', 'Product', 'Home', 'Home', 'Product', 'Checkout'] } Using the pandas DataFrame, wich is your argument, implement the following operation: Create a new column called 'Session_ID' that labels each row with a unique session identifier. Define a session as a series of consecutive interactions by the same user with no gap greater than 30 minutes between interactions. Ensure that each session has a unique identifier. Make sure to give me the full code.""}]"
11,0,17.108669996261597,0.3942772,"Please return the rolling rank(3) of this Series [1, 4, 2, 3, 5, 3]. Make sure to take this Series as your argument as well as using the pandas lib.","0    NaN
1    NaN
2    2.0
3    2.0
4    3.0
5    1.5
dtype: float64","data = pd.Series([1, 4, 2, 3, 5, 3])","import pandas as pd
def correct_function(data):
    result = data.rolling(3).rank()
    return result","def response_function(series):
    import pandas as pd
    s = pd.Series(series)
    return s.rolling(3).rank().tolist()","[nan, nan, 2.0, 2.0, 3.0, 1.5]",None,"[{'User prompt': 'Please return the rolling rank(3) of this Series [1, 4, 2, 3, 5, 3]. Make sure to take this Series as your argument as well as using the pandas lib.'}, {'Thought': ""The user wants to calculate the rolling rank of a pandas Series. The rolling rank is calculated over a specified window of values. In this case, the window size is 3. The pandas library provides the rolling() function to create a rolling window of values, and the rank() function to calculate the rank of values within this window. I will use these functions to solve the user's request.""}, {'Tool': 'def response_function(series):\n    import pandas as pd\n    s = pd.Series(series)\n    return s.rolling(3).rank().tolist()'}, {'Thought': 'The code is correct and it will return the rolling rank of the given series. Now I will provide the final answer.'}, {'Answer': 'def response_function(series):\n    import pandas as pd\n    s = pd.Series(series)\n    return s.rolling(3).rank().tolist()'}]"
12,0,16.007111072540283,0.7790709," Please create a dictionary using the following Dataframe. This dataframe is your argument. Make sure to order it tight. pd.DataFrame([[1, 3], [2, 4]],index=pd.MultiIndex.from_tuples([(""a"", ""b""), (""a"", ""c"")],names=[""n1"", ""n2""]),columns=pd.MultiIndex.from_tuples([(""x"", 1), (""y"", 2)], names=[""z1"", ""z2""]),)","{'index': [('a', 'b'), ('a', 'c')], 'columns': [('x', 1), ('y', 2)], 'data': [[1, 3], [2, 4]], 'index_names': ['n1', 'n2'], 'column_names': ['z1', 'z2']}","data = pd.DataFrame.from_records([[1, 3], [2, 4]],index=pd.MultiIndex.from_tuples([(""a"", ""b""), (""a"", ""c"")],names=[""n1"", ""n2""]),columns=pd.MultiIndex.from_tuples([(""x"", 1), (""y"", 2)], names=[""z1"", ""z2""]),)","import pandas as pd
def correct_function(data):
    result = data.to_dict(orient='tight')
    return result","def response_function(df):
    import pandas as pd
    return df.to_dict('index')","{('a', 'b'): {('x', 1): 1, ('y', 2): 3}, ('a', 'c'): {('x', 1): 2, ('y', 2): 4}}",None,"[{'User prompt': ' Please create a dictionary using the following Dataframe. This dataframe is your argument. Make sure to order it tight. pd.DataFrame([[1, 3], [2, 4]],index=pd.MultiIndex.from_tuples([(""a"", ""b""), (""a"", ""c"")],names=[""n1"", ""n2""]),columns=pd.MultiIndex.from_tuples([(""x"", 1), (""y"", 2)], names=[""z1"", ""z2""]),)'}, {'Thought': ""The user wants to convert a DataFrame into a dictionary. The DataFrame has a multi-index for both rows and columns. The pandas function to_dict() can be used to convert a DataFrame into a dictionary. The 'index' argument will use the DataFrame's indexes as keys in the resulting dictionary.""}, {'Tool': ""def response_function(df):\n    import pandas as pd\n    return df.to_dict('index')""}, {'Thought': 'I now know the final answer'}, {'Answer': ""def response_function(df):\n    import pandas as pd\n    return df.to_dict('index')""}]"
13,0,18.405593156814575,0.7815367999999999,"Please take following dataframe (your argument) as your Input data = pd.DataFrame([""g"", ""g0""], [""g"", ""g1""], [""g"", ""g2""], [""g"", ""g3""],[""h"", ""h0""], [""h"", ""h1""]], columns=[""A"", ""B""]). This is the desired Output:{'A': ['g', 'g', 'g', 'h'],'B': ['g0', 'g1', 'g2', 'h0']}. Please write some code to go from Input to Output.","   A   B
0  g  g0
1  g  g1
2  g  g2
4  h  h0","data = pd.DataFrame([[""g"", ""g0""], [""g"", ""g1""], [""g"", ""g2""], [""g"", ""g3""], [""h"", ""h0""], [""h"", ""h1""]],columns=[""A"", ""B""])","import pandas as pd
def correct_function(data):
    result = data.groupby(""A"").head(-1)
    return result","def response_function(data):
    import pandas as pd
    return data.to_dict('list')","{'A': ['g', 'g', 'g', 'g', 'h', 'h'], 'B': ['g0', 'g1', 'g2', 'g3', 'h0', 'h1']}",None,"[{'User prompt': 'Please take following dataframe (your argument) as your Input data = pd.DataFrame([""g"", ""g0""], [""g"", ""g1""], [""g"", ""g2""], [""g"", ""g3""],[""h"", ""h0""], [""h"", ""h1""]], columns=[""A"", ""B""]). This is the desired Output:{\'A\': [\'g\', \'g\', \'g\', \'h\'],\'B\': [\'g0\', \'g1\', \'g2\', \'h0\']}. Please write some code to go from Input to Output.'}, {'Thought': ""The user wants to convert a DataFrame into a dictionary where each key corresponds to a column in the DataFrame and the values are the values in that column. This can be achieved by using the to_dict() function in pandas. The 'list' orientation can be used to get the desired output format.""}, {'Tool': ""def response_function(data):\n    import pandas as pd\n    return data.to_dict('list')""}, {'Thought': 'I now know the final answer'}, {'Answer': ""def response_function(data):\n    import pandas as pd\n    return data.to_dict('list')""}]"
14,1,14.529812097549438,0.1918958,"Please remove the following suffix “_str” from following Series(which is your argument)= ([""foo_str"",""_strhead"" , ""text_str_text"" , ""bar_str"", ""no_suffix""]) ","0              foo
1         _strhead
2    text_str_text
3              bar
4        no_suffix
dtype: object","data = pd.Series([""foo_str"",""_strhead"" , ""text_str_text"" , ""bar_str"", ""no_suffix""])","import pandas as pd
def correct_function(data):
    result = data.str.removesuffix(""_str"")
    return result","def response_function(series):
    import pandas as pd
    s = pd.Series(series)
    return s.str.removesuffix('_str')","0              foo
1         _strhead
2    text_str_text
3              bar
4        no_suffix
dtype: object",None,"[{'User prompt': 'Please remove the following suffix “_str” from following Series(which is your argument)= ([""foo_str"",""_strhead"" , ""text_str_text"" , ""bar_str"", ""no_suffix""]) '}, {'Thought': ""The user wants to remove a specific suffix from a series of strings. The pandas library has a function called 'removesuffix' which can be used to remove a specific suffix from each string in a series. I will use this function to solve the user's problem.""}, {'Tool': ""def response_function(series):\n    import pandas as pd\n    s = pd.Series(series)\n    return s.str.removesuffix('_str')""}, {'Thought': 'I now know the final answer'}, {'Answer': ""def response_function(series):\n    import pandas as pd\n    s = pd.Series(series)\n    return s.str.removesuffix('_str')""}]"
15,0,18.740355014801025,0.7733249,"I have 2 Dataframes which are you arguments. The first one: pd.DataFrame({'key': ['K0', 'K1', 'K1', 'K3', 'K0', 'K1'],  'A': ['A0', 'A1', 'A2', 'A3', 'A4', 'A5']}) And the second one: pd.DataFrame({'key': ['K0', 'K1', 'K2'], 'B': ['B0', 'B1', 'B2']})How do I join the second one on the first one using the key and making sure it is a m:1 relation?","  key   A    B
0  K0  A0   B0
1  K1  A1   B1
2  K1  A2   B1
3  K3  A3  NaN
4  K0  A4   B0
5  K1  A5   B1","data_1 = pd.DataFrame({'key': ['K0', 'K1', 'K1', 'K3', 'K0', 'K1'],  'A': ['A0', 'A1', 'A2', 'A3', 'A4', 'A5']})
data_2 = pd.DataFrame({'key': ['K0', 'K1', 'K2'], 'B': ['B0', 'B1', 'B2']})","import pandas as pd
def correct_function(data_1, data_2):
    result = data_1.join(data_2.set_index('key'), on='key', validate='m:1')
    return result","def response_function(df1, df2):
    import pandas as pd
    result = df1.merge(df2, on='key', validate='m:1')
    return result","  key   A   B
0  K0  A0  B0
1  K0  A4  B0
2  K1  A1  B1
3  K1  A2  B1
4  K1  A5  B1",None,"[{'User prompt': ""I have 2 Dataframes which are you arguments. The first one: pd.DataFrame({'key': ['K0', 'K1', 'K1', 'K3', 'K0', 'K1'],  'A': ['A0', 'A1', 'A2', 'A3', 'A4', 'A5']}) And the second one: pd.DataFrame({'key': ['K0', 'K1', 'K2'], 'B': ['B0', 'B1', 'B2']})How do I join the second one on the first one using the key and making sure it is a m:1 relation?""}, {'Thought': ""The user wants to join two dataframes on a common key column, ensuring a many-to-one (m:1) relationship. This can be achieved using the merge function in pandas, which allows for different types of joins (inner, outer, left, right). The 'validate' parameter can be used to check if the join is of the specified type. In this case, 'm:1' ensures that the join keys are unique in the right dataset (second dataframe).""}, {'Tool': ""def response_function(df1, df2):\n    import pandas as pd\n    result = df1.merge(df2, on='key', validate='m:1')\n    return result""}, {'Thought': 'I now know the final answer'}, {'Answer': ""def response_function(df1, df2):\n    import pandas as pd\n    result = df1.merge(df2, on='key', validate='m:1')\n    return result""}]"
16,0,25.287636041641235,0.8352451000000001,"This is your Index:pd.MultiIndex.from_tuples([('bird', 'falcon'),('bird', 'parrot'),('mammal', 'lion'),('mammal', 'monkey')],names=['class', 'name']) These are your columns: pd.MultiIndex.from_tuples([('speed', 'max'),('species', 'type')]) And this is your input: pd.DataFrame([(389.0, 'fly'),(24.0, 'fly'),(80.5, 'run'),(None, 'jump')],index=index,columns=columns).Index, Columns and Input are your arguments. Please create a dataframe and rename the index to classes and names","  classes   names  speed species
                     max    type
0    bird  falcon  389.0     fly
1    bird  parrot   24.0     fly
2  mammal    lion   80.5     run
3  mammal  monkey    NaN    jump","data_1 = pd.MultiIndex.from_tuples([('bird', 'falcon'),('bird', 'parrot'),('mammal', 'lion'),('mammal', 'monkey')],names=['class', 'name'])
data_2 = pd.MultiIndex.from_tuples([('speed', 'max'),('species', 'type')])
data_3 = pd.DataFrame([(389.0, 'fly'),(24.0, 'fly'),(80.5, 'run'),(None, 'jump')],index=data_1,columns=data_2)","import pandas as pd
def correct_function(*args):
    data_1, data_2, data_3 = args
    result = data_3.reset_index(names=['classes', 'names'])
    return result","def response_function(index, columns, data):
    import pandas as pd
    df = pd.DataFrame(data, index=index, columns=columns)
    df = df.rename_axis(index=['classes', 'names'])
    return df","                speed species
                  max    type
classes names                
bird    falcon  389.0     fly
        parrot   24.0     fly
mammal  lion     80.5     run
        monkey    NaN    jump",None,"[{'User prompt': ""This is your Index:pd.MultiIndex.from_tuples([('bird', 'falcon'),('bird', 'parrot'),('mammal', 'lion'),('mammal', 'monkey')],names=['class', 'name']) These are your columns: pd.MultiIndex.from_tuples([('speed', 'max'),('species', 'type')]) And this is your input: pd.DataFrame([(389.0, 'fly'),(24.0, 'fly'),(80.5, 'run'),(None, 'jump')],index=index,columns=columns).Index, Columns and Input are your arguments. Please create a dataframe and rename the index to classes and names""}, {'Thought': ""The user wants to create a dataframe using the provided index, columns and data. After creating the dataframe, the user wants to rename the index to 'classes' and 'names'. This can be achieved by using the pandas DataFrame constructor to create the dataframe and then using the rename_axis method to rename the index.""}, {'Tool': ""def response_function(index, columns, data):\n    import pandas as pd\n    df = pd.DataFrame(data, index=index, columns=columns)\n    df = df.rename_axis(index=['classes', 'names'])\n    return df""}, {'Thought': 'I now know the final answer'}, {'Answer': ""def response_function(index, columns, data):\n    import pandas as pd\n    df = pd.DataFrame(data, index=index, columns=columns)\n    df = df.rename_axis(index=['classes', 'names'])\n    return df""}]"
17,1,20.272987127304077,1.2284656999999999,"Please take this as your Input: pd.Series(['quetzal', 'quetzal', 'elk'], name='animal')? Please also take the Series as your argument. Write some Code to get the Input to this Output:data = ['quetzal', 'quetzal', 'elk'] series = pd.Series(data, name='animal').","0    quetzal
1    quetzal
2        elk
Name: animal, dtype: object","data = pd.Series(['quetzal', 'quetzal', 'elk'], name='animal')","import pandas as pd
def correct_function(data):
    result = data.value_counts()
    return data","def response_function(series):
    import pandas as pd
    data = series.tolist()
    new_series = pd.Series(data, name=series.name)
    return new_series","0    quetzal
1    quetzal
2        elk
Name: animal, dtype: object",None,"[{'User prompt': ""Please take this as your Input: pd.Series(['quetzal', 'quetzal', 'elk'], name='animal')? Please also take the Series as your argument. Write some Code to get the Input to this Output:data = ['quetzal', 'quetzal', 'elk'] series = pd.Series(data, name='animal').""}, {'Thought': 'The user wants to convert a pandas Series to a list and then back to a Series. This can be achieved by using the tolist() method to convert the Series to a list, and then using the pd.Series() constructor to convert the list back to a Series.'}, {'Tool': 'def response_function(series):\n    import pandas as pd\n    data = series.tolist()\n    new_series = pd.Series(data, name=series.name)\n    return new_series'}, {'Thought': 'I now know the final answer'}, {'Answer': 'def response_function(series):\n    import pandas as pd\n    data = series.tolist()\n    new_series = pd.Series(data, name=series.name)\n    return new_series'}]"
18,0,20.457152128219604,1.2831249999999998,"Please take these consecutive values as your Input as well as your argument: pd.Index([10, 20, 30, 40, 50]). Please write some code to transform this Input into the Output i will provide. Index([nan, 10.0, 10.0, 10.0, 10.0], dtype='float64')","Index([nan, 10.0, 10.0, 10.0, 10.0], dtype='float64')","data = pd.Index([10, 20, 30, 40, 50])","import pandas as pd
def correct_function(data):
    sum = data.diff()
    return sum","def response_function(index):
    import pandas as pd
    return pd.Series(index).diff().tolist()","[nan, 10.0, 10.0, 10.0, 10.0]",None,"[{'User prompt': ""Please take these consecutive values as your Input as well as your argument: pd.Index([10, 20, 30, 40, 50]). Please write some code to transform this Input into the Output i will provide. Index([nan, 10.0, 10.0, 10.0, 10.0], dtype='float64')""}, {'Thought': 'The user wants to compute the difference between consecutive values in a pandas Index. This can be achieved using the diff() function provided by pandas. The diff() function calculates the difference of a Series element compared with another element in the Series (default is element in previous row).'}, {'Tool': 'def response_function(index):\n    import pandas as pd\n    return pd.Series(index).diff().tolist()'}, {'Thought': 'The code is correct and it will return the difference between consecutive values in a pandas Index. Now I will provide the final answer.'}, {'Answer': 'def response_function(index):\n    import pandas as pd\n    return pd.Series(index).diff().tolist()'}]"
19,0,23.175320148468018,1.35621,"df = pd.DataFrame({""a"": [1, 1, 2, 1], ""b"": [None, 2.0, 3.0, 4.0]}, dtype=""Int64"") This is my Dataframe which is also your argument. Please convert the Int64 to Int64[pyarrow] and use df.sum() at the end.","   a     b
0  1  <NA>
1  1     2
2  2     3
3  1     4","data = pd.DataFrame({""a"": [1, 1, 2, 1], ""b"": [None, 2.0, 3.0, 4.0]}, dtype=""Int64"")","
import pandas as pd
import pyarrow as pa
def correct_function(data):
    data = data.astype(""int64[pyarrow]"")
    data.sum()
    return data","def response_function(df):
    import pandas as pd
    import pyarrow as pa

    # Convert each column to Int64[pyarrow]
    for col in df.columns:
        df[col] = pa.array(df[col], type=pa.int64())

    # Get the sum of each column
    return df.sum()","a    5.0
b    9.0
dtype: float64",None,"[{'User prompt': 'df = pd.DataFrame({""a"": [1, 1, 2, 1], ""b"": [None, 2.0, 3.0, 4.0]}, dtype=""Int64"") This is my Dataframe which is also your argument. Please convert the Int64 to Int64[pyarrow] and use df.sum() at the end.'}, {'Thought': ""The user wants to convert the pandas dataframe's Int64 dtype to pyarrow's Int64 and then calculate the sum of each column. We can achieve this by using pyarrow's array function to convert each column to Int64 and then use pandas' sum function to calculate the sum.""}, {'Tool': 'def response_function(df):\n    import pandas as pd\n    import pyarrow as pa\n\n    # Convert each column to Int64[pyarrow]\n    for col in df.columns:\n        df[col] = pa.array(df[col], type=pa.int64())\n\n    # Get the sum of each column\n    return df.sum()'}, {'Thought': 'I now know the final answer'}, {'Answer': 'def response_function(df):\n    import pandas as pd\n    import pyarrow as pa\n\n    # Convert each column to Int64[pyarrow]\n    for col in df.columns:\n        df[col] = pa.array(df[col], type=pa.int64())\n\n    # Get the sum of each column\n    return df.sum()'}]"
